[
  {
    "id": "org-1",
    "name": "Immigrant Community & Citizenship Services",
    "city": "Austin",
    "state": "TX",
    "topic": "Naturalization",
    "foundedYear": 2014,
    "meetingFrequency": "Monthly",
    "imageUrl": "/images/orgs/iccs.jpg",
    "externalUrl": "https://www.austintexas.gov/page/immigrant-affairs#spanclassckanchoridFallCitizenshipClinicspanFall2025InformationSessionsampCitizenshipClinicDates",
    "eventIds": ["evt-1"],
    "resourceIds": ["res-1"],
    "selfUrl": "/orgs/org-1"
  },
  {
    "id": "org-2",
    "name": "Austin Allies for Immigrant Care",
    "city": "Austin",
    "state": "TX",
    "topic": "Legal Aid",
    "foundedYear": 2017,
    "meetingFrequency": "Weekly",
    "imageUrl": "/images/orgs/aaic.jpg",
    "externalUrl": "https://www.austinallies.org/",
    "eventIds": ["evt-2"],
    "resourceIds": ["res-2"],
    "selfUrl": "/orgs/org-2"
  },
  {
    "id": "org-3",
    "name": "ESL Community Club",
    "city": "Austin",
    "state": "TX",
    "topic": "Education",
    "foundedYear": 2020,
    "meetingFrequency": "Biweekly",
    "imageUrl": "/images/orgs/eslclub.jpg",
    "externalUrl": "https://adulted.austincc.edu/english-as-a-second-language-esl/",
    "eventIds": ["evt-3"],
    "resourceIds": ["res-3"],
    "selfUrl": "/orgs/org-3"
  }
]
